DMS Code,Issue Type
NR1-UP-3182,Suspicious Activity Observed At Venue
STH-TS-5445,Suspicious Activity Observed At Venue
NR2-HR-4094,Suspicious Activity Observed At Venue
NR1-UP-3105,Suspicious Activity Observed At Venue
NR2-DL-4021,Suspicious Activity Observed At Venue
NR2-UP-1725,Suspicious Activity Observed At Venue
NR1-UP-3169,Suspicious Activity Observed At Venue
NR1-UP-3165,Suspicious Activity Observed At Venue
NR2-PB-4726,Suspicious Activity Observed At Venue
WST-MH-1742,Suspicious Activity Observed At Venue
EST-WB-1148,Suspicious Activity Observed At Venue
NR1-UP-3546,Suspicious Activity Observed At Venue
NR1-UP-3206,Suspicious Activity Observed At Venue
NR2-UK-4266,Suspicious Activity Observed At Venue
NR2-PB-1759,Suspicious Activity Observed At Venue
NR1-UP-3168,Suspicious Activity Observed At Venue
WST-GJ-2066,Suspicious Activity Observed At Venue
NR1-UP-3161,Suspicious Activity Observed At Venue
NR1-UP-3162,Suspicious Activity Observed At Venue
STH-TS-5320,Suspicious Activity Observed At Venue
NR1-UP-3080,Suspicious Activity Observed At Venue
STH-KA-5043,Suspicious Activity Observed At Venue
NR2-RJ-4186,Suspicious Activity Observed At Venue
NR1-UP-3736,Suspicious Activity Observed At Venue
NR2-DL-4031,Suspicious Activity Observed At Venue
EST-WB-1408,Suspicious Activity Observed At Venue
NR1-UP-3545,Suspicious Activity Observed At Venue
NR2-DL-4501,Suspicious Activity Observed At Venue
WST-GJ-2055,Suspicious Activity Observed At Venue
WST-MP-2888,Suspicious Activity Observed At Venue
NR2-JK-4414,Suspicious Activity Observed At Venue
NR2-PB-4387,Suspicious Activity Observed At Venue
NR1-UP-3154,Suspicious Activity Observed At Venue
NR1-UP-3274,Suspicious Activity Observed At Venue
WST-MH-2458,Suspicious Activity Observed At Venue
NR1-UP-3180,Suspicious Activity Observed At Venue
NR1-UP-3068,Suspicious Activity Observed At Venue
NR1-UP-3092,Suspicious Activity Observed At Venue
NR1-UP-3306,Suspicious Activity Observed At Venue
NR2-DL-1763,Suspicious Activity Observed At Venue
NR1-UP-3150,Suspicious Activity Observed At Venue
NR2-UK-4723,Suspicious Activity Observed At Venue
NR1-UP-3458,Suspicious Activity Observed At Venue
NR1-UP-3739,Suspicious Activity Observed At Venue
WST-MH-2641,Suspicious Activity Observed At Venue
NR2-DL-4653,Suspicious Activity Observed At Venue
NR2-RJ-4661,Suspicious Activity Observed At Venue
STH-TN-6011,Suspicious Activity Observed At Venue
NR2-DL-1764,Suspicious Activity Observed At Venue
EST-AS-1162,Suspicious Activity Observed At Venue
NR2-DL-4510,Suspicious Activity Observed At Venue
NR1-UP-3199,Suspicious Activity Observed At Venue
NR1-UP-3151,Suspicious Activity Observed At Venue
WST-MP-2170,Suspicious Activity Observed At Venue
NR2-RJ-4583,Suspicious Activity Observed At Venue
WST-GJ-2536,Suspicious Activity Observed At Venue
NR1-UP-3142,Suspicious Activity Observed At Venue
NR1-UP-3067,Suspicious Activity Observed At Venue
NR2-HP-4136,Suspicious Activity Observed At Venue
NR1-UP-3074,Suspicious Activity Observed At Venue
NR1-UP-3123,Suspicious Activity Observed At Venue
STH-TN-5395,Suspicious Activity Observed At Venue
NR2-RJ-4178,Suspicious Activity Observed At Venue
NR2-DL-1726,Suspicious Activity Observed At Venue
WST-MH-1753,Suspicious Activity Observed At Venue
EST-WB-1147,Suspicious Activity Observed At Venue
NR2-DL-4706,Suspicious Activity Observed At Venue
NR1-UP-3725,Suspicious Activity Observed At Venue
NR1-UP-3069,Suspicious Activity Observed At Venue
WST-MH-2869,Suspicious Activity Observed At Venue
NR1-UP-3303,Suspicious Activity Observed At Venue
NR2-HR-4751,Suspicious Activity Observed At Venue
NR2-RJ-4516,Suspicious Activity Observed At Venue
NR1-BR-3766,Suspicious Activity Observed At Venue
WST-MH-2885,Suspicious Activity Observed At Venue
